name,game_version
Excitebike Arena,Mario Kart 8 Deluxe
Electrodrome,Mario Kart 8 Deluxe
Water Park,Mario Kart 8 Deluxe
Toad Harbor,Mario Kart 8 Deluxe
SNES Donut Plains 3,Mario Kart 8 Deluxe
GCN Dry Dry Desert,Mario Kart 8 Deluxe
Bone-Dry Dunes,Mario Kart 8 Deluxe
N64 Yoshi Valley,Mario Kart 8 Deluxe
GCN Yoshi Circuit,Mario Kart 8 Deluxe
Animal Crossing,Mario Kart 8 Deluxe
Big Blue,Mario Kart 8 Deluxe
3DS DK Jungle,Mario Kart 8 Deluxe
N64 Rainbow Road,Mario Kart 8 Deluxe
GBA Cheese Land,Mario Kart 8 Deluxe
Wild Woods,Mario Kart 8 Deluxe
GBA Mario Circuit,Mario Kart 8 Deluxe
Sunshine Airport,Mario Kart 8 Deluxe
Mario Circuit,Mario Kart 8 Deluxe
Super Bell Subway,Mario Kart 8 Deluxe
Sweet Sweet Canyon,Mario Kart 8 Deluxe
Cloudtop Cruise,Mario Kart 8 Deluxe
Shy Guy Falls,Mario Kart 8 Deluxe
GCN Sherbet Land,Mario Kart 8 Deluxe
Mario Kart Stadium,Mario Kart 8 Deluxe
Mount Wario,Mario Kart 8 Deluxe
Bowser's Castle,Mario Kart 8 Deluxe
Mute City,Mario Kart 8 Deluxe
3DS Piranha Plant Slide,Mario Kart 8 Deluxe
DS Wario Stadium,Mario Kart 8 Deluxe
Thwomp Ruins,Mario Kart 8 Deluxe
Wii Grumble Volcano,Mario Kart 8 Deluxe
Twisted Mansion,Mario Kart 8 Deluxe
Rainbow Road,Mario Kart 8 Deluxe
GBA Ribbon Road,Mario Kart 8 Deluxe
N64 Royal Raceway,Mario Kart 8 Deluxe
Dragon Driftway,Mario Kart 8 Deluxe
Wii Moo Moo Meadows,Mario Kart 8 Deluxe
DS Cheep Cheep Beach,Mario Kart 8 Deluxe
N64 Toad's Turnpike,Mario Kart 8 Deluxe
3DS Music Park,Mario Kart 8 Deluxe
SNES Rainbow Road,Mario Kart 8 Deluxe
Dolphin Shoals,Mario Kart 8 Deluxe
GCN Baby Park,Mario Kart 8 Deluxe
3DS Neo Bowser City,Mario Kart 8 Deluxe
DS Tick-Tock Clock,Mario Kart 8 Deluxe
Wii Wario's Gold Mine,Mario Kart 8 Deluxe
Ice Ice Outpost,Mario Kart 8 Deluxe
Hyrule Circuit,Mario Kart 8 Deluxe
Paris Promenade (Tour),Mario Kart 8 Deluxe
Toad Circuit (3DS),Mario Kart 8 Deluxe
Choco Mountain (N64),Mario Kart 8 Deluxe
Coconut Mall (Wii),Mario Kart 8 Deluxe
Tokyo Blur (Tour),Mario Kart 8 Deluxe
Shroom Ridge (DS),Mario Kart 8 Deluxe
Sky Garden (GBA),Mario Kart 8 Deluxe
Ninja Hideaway,Mario Kart 8 Deluxe
New York Minute (Tour),Mario Kart 8 Deluxe
Mario Circuit 3 (SNES),Mario Kart 8 Deluxe
Kalimari Desert (N64),Mario Kart 8 Deluxe
Waluigi Pinball (DS),Mario Kart 8 Deluxe
Sydney Sprint (Tour),Mario Kart 8 Deluxe
Snow Land (GBA),Mario Kart 8 Deluxe
Mushroom Gorge (Wii),Mario Kart 8 Deluxe
Sky-High Sundae,Mario Kart 8 Deluxe
London Loop (Tour),Mario Kart 8 Deluxe
Boo Lake (GBA),Mario Kart 8 Deluxe
Rock Rock Mountain (3DS),Mario Kart 8 Deluxe
Maple Treeway (Wii),Mario Kart 8 Deluxe
Berlin Byways (Tour),Mario Kart 8 Deluxe
Peach Gardens (DS),Mario Kart 8 Deluxe
Merry Mountain,Mario Kart 8 Deluxe
Rainbow Road (3DS),Mario Kart 8 Deluxe
Amsterdam Drift (Tour),Mario Kart 8 Deluxe
Riverside Park (GBA),Mario Kart 8 Deluxe
DK Summit (Wii),Mario Kart 8 Deluxe
Yoshi’s Island,Mario Kart 8 Deluxe
Bangkok Rush (Tour),Mario Kart 8 Deluxe
Mario Circuit (DS),Mario Kart 8 Deluxe
Waluigi Stadium (GCN),Mario Kart 8 Deluxe
Singapore Speedway (Tour),Mario Kart 8 Deluxe
Athens Dash (Tour),Mario Kart 8 Deluxe
Daisy Cruiser (GCN),Mario Kart 8 Deluxe
Moonview Highway (Wii),Mario Kart 8 Deluxe
Squeaky Clean Sprint,Mario Kart 8 Deluxe
Los Angeles Laps (Tour),Mario Kart 8 Deluxe
Sunset Wilds (GBA),Mario Kart 8 Deluxe
Koopa Cape (Wii),Mario Kart 8 Deluxe
Vancouver Velocity (Tour),Mario Kart 8 Deluxe
Rome Avanti (Tour),Mario Kart 8 Deluxe
DK Mountain (GCN),Mario Kart 8 Deluxe
Daisy Circuit (Wii),Mario Kart 8 Deluxe
Piranha Plant Cove,Mario Kart 8 Deluxe
Madrid Drive (Tour),Mario Kart 8 Deluxe
Rosalina's Ice World (3DS),Mario Kart 8 Deluxe
Bowser Castle 3 (SNES),Mario Kart 8 Deluxe
Rainbow Road (Wii),Mario Kart 8 Deluxe
Acorn Heights,Mario Kart World
Airship Fortress,Mario Kart World
Boo Cinema,Mario Kart World
Bowser's Castle,Mario Kart World
Cheep Cheep Falls,Mario Kart World
Choco Mountain,Mario Kart World
Crown City,Mario Kart World
DK Pass,Mario Kart World
DK Spaceport,Mario Kart World
Dandelion Depths,Mario Kart World
Desert Hills,Mario Kart World
Dino Dino Jungle,Mario Kart World
Dry Bones Burnout,Mario Kart World
Faraway Oasis,Mario Kart World
Great ? Block Ruins,Mario Kart World
Koopa Troopa Beach,Mario Kart World
Mario Bros. Circuit,Mario Kart World
Mario Circuit,Mario Kart World
Moo Moo Meadows,Mario Kart World
Peach Beach,Mario Kart World
Peach Stadium,Mario Kart World
Rainbow Road,Mario Kart World
Salty Salty Speedway,Mario Kart World
Shy Guy Bazaar,Mario Kart World
Sky-High Sundae,Mario Kart World
Starview Peak,Mario Kart World
Toad's Factory,Mario Kart World
Wario Stadium,Mario Kart World
Wario's Galleon,Mario Kart World
Whistlestop Summit,Mario Kart World
